dataset,subset,assay,model_size,precision,backend,metric_name,metric_value,pytorch_metric,delta_from_pytorch,threshold,passed,variants,cache_dir,error
ProteinGym,DMS substitutions,AMFR_HUMAN_Tsuboyama_2023_4G3O,300m,pytorch,pytorch,spearman,-0.6352008491064517,-0.6352008491064517,0.0,0.01,True,1000,/Users/ananyapathak/Desktop/oss/esmc.cpp/results/downstream_cache/300m_10k/pytorch,
ProteinGym,DMS substitutions,AMFR_HUMAN_Tsuboyama_2023_4G3O,300m,pytorch,pytorch,pearson,-0.6279587324448758,-0.6279587324448758,0.0,0.01,True,1000,/Users/ananyapathak/Desktop/oss/esmc.cpp/results/downstream_cache/300m_10k/pytorch,
ProteinGym,DMS substitutions,AMFR_HUMAN_Tsuboyama_2023_4G3O,300m,pytorch,pytorch,kendall_tau_b,-0.46954401355780634,-0.46954401355780634,0.0,0.01,True,1000,/Users/ananyapathak/Desktop/oss/esmc.cpp/results/downstream_cache/300m_10k/pytorch,
ProteinGym,DMS substitutions,AMFR_HUMAN_Tsuboyama_2023_4G3O,300m,pytorch,pytorch,top10_overlap,0.08,0.08,0.0,0.01,True,1000,/Users/ananyapathak/Desktop/oss/esmc.cpp/results/downstream_cache/300m_10k/pytorch,
ProteinGym,DMS substitutions,AMFR_HUMAN_Tsuboyama_2023_4G3O,300m,pytorch,pytorch,bottom10_overlap,0.0,0.0,0.0,0.01,True,1000,/Users/ananyapathak/Desktop/oss/esmc.cpp/results/downstream_cache/300m_10k/pytorch,
ProteinGym,DMS substitutions,AMFR_HUMAN_Tsuboyama_2023_4G3O,300m,f16,cpu,spearman,-0.6353917553917554,-0.6352008491064517,-0.00019090628530371578,0.01,True,1000,/Users/ananyapathak/Desktop/oss/esmc.cpp/results/downstream_cache/300m_10k/f16_cpu,
ProteinGym,DMS substitutions,AMFR_HUMAN_Tsuboyama_2023_4G3O,300m,f16,cpu,pearson,-0.6283067934089591,-0.6279587324448758,-0.0003480609640833521,0.01,True,1000,/Users/ananyapathak/Desktop/oss/esmc.cpp/results/downstream_cache/300m_10k/f16_cpu,
ProteinGym,DMS substitutions,AMFR_HUMAN_Tsuboyama_2023_4G3O,300m,f16,cpu,kendall_tau_b,-0.46956556556556556,-0.46954401355780634,-2.155200775921795e-05,0.01,True,1000,/Users/ananyapathak/Desktop/oss/esmc.cpp/results/downstream_cache/300m_10k/f16_cpu,
ProteinGym,DMS substitutions,AMFR_HUMAN_Tsuboyama_2023_4G3O,300m,f16,cpu,top10_overlap,0.08,0.08,0.0,0.01,True,1000,/Users/ananyapathak/Desktop/oss/esmc.cpp/results/downstream_cache/300m_10k/f16_cpu,
ProteinGym,DMS substitutions,AMFR_HUMAN_Tsuboyama_2023_4G3O,300m,f16,cpu,bottom10_overlap,0.0,0.0,0.0,0.01,True,1000,/Users/ananyapathak/Desktop/oss/esmc.cpp/results/downstream_cache/300m_10k/f16_cpu,
ProteinGym,DMS substitutions,AMFR_HUMAN_Tsuboyama_2023_4G3O,300m,q8_0,cpu,spearman,-0.6345706324743444,-0.6352008491064517,0.0006302166321072722,0.01,True,1000,/Users/ananyapathak/Desktop/oss/esmc.cpp/results/downstream_cache/300m_10k/q8_0_cpu,
ProteinGym,DMS substitutions,AMFR_HUMAN_Tsuboyama_2023_4G3O,300m,q8_0,cpu,pearson,-0.6269167343461136,-0.6279587324448758,0.0010419980987621535,0.01,True,1000,/Users/ananyapathak/Desktop/oss/esmc.cpp/results/downstream_cache/300m_10k/q8_0_cpu,
ProteinGym,DMS substitutions,AMFR_HUMAN_Tsuboyama_2023_4G3O,300m,q8_0,cpu,kendall_tau_b,-0.4693478171652173,-0.46954401355780634,0.0001961963925890542,0.01,True,1000,/Users/ananyapathak/Desktop/oss/esmc.cpp/results/downstream_cache/300m_10k/q8_0_cpu,
ProteinGym,DMS substitutions,AMFR_HUMAN_Tsuboyama_2023_4G3O,300m,q8_0,cpu,top10_overlap,0.08,0.08,0.0,0.01,True,1000,/Users/ananyapathak/Desktop/oss/esmc.cpp/results/downstream_cache/300m_10k/q8_0_cpu,
ProteinGym,DMS substitutions,AMFR_HUMAN_Tsuboyama_2023_4G3O,300m,q8_0,cpu,bottom10_overlap,0.0,0.0,0.0,0.01,True,1000,/Users/ananyapathak/Desktop/oss/esmc.cpp/results/downstream_cache/300m_10k/q8_0_cpu,
ProteinGym,DMS substitutions,AMFR_HUMAN_Tsuboyama_2023_4G3O,300m,q4_k_m,cpu,spearman,-0.6359384977541286,-0.6352008491064517,-0.0007376486476768918,0.01,True,1000,/Users/ananyapathak/Desktop/oss/esmc.cpp/results/downstream_cache/300m_10k/q4_k_m_cpu,
ProteinGym,DMS substitutions,AMFR_HUMAN_Tsuboyama_2023_4G3O,300m,q4_k_m,cpu,pearson,-0.6302992082760642,-0.6279587324448758,-0.00234047583118846,0.01,True,1000,/Users/ananyapathak/Desktop/oss/esmc.cpp/results/downstream_cache/300m_10k/q4_k_m_cpu,
ProteinGym,DMS substitutions,AMFR_HUMAN_Tsuboyama_2023_4G3O,300m,q4_k_m,cpu,kendall_tau_b,-0.47013507534643834,-0.46954401355780634,-0.0005910617886319969,0.01,True,1000,/Users/ananyapathak/Desktop/oss/esmc.cpp/results/downstream_cache/300m_10k/q4_k_m_cpu,
ProteinGym,DMS substitutions,AMFR_HUMAN_Tsuboyama_2023_4G3O,300m,q4_k_m,cpu,top10_overlap,0.08,0.08,0.0,0.01,True,1000,/Users/ananyapathak/Desktop/oss/esmc.cpp/results/downstream_cache/300m_10k/q4_k_m_cpu,
ProteinGym,DMS substitutions,AMFR_HUMAN_Tsuboyama_2023_4G3O,300m,q4_k_m,cpu,bottom10_overlap,0.0,0.0,0.0,0.01,True,1000,/Users/ananyapathak/Desktop/oss/esmc.cpp/results/downstream_cache/300m_10k/q4_k_m_cpu,
ProteinGym,DMS substitutions,AMFR_HUMAN_Tsuboyama_2023_4G3O,300m,q4_k_s,cpu,spearman,-0.6400492720492721,-0.6352008491064517,-0.004848422942820396,0.01,True,1000,/Users/ananyapathak/Desktop/oss/esmc.cpp/results/downstream_cache/300m_10k/q4_k_s_cpu,
ProteinGym,DMS substitutions,AMFR_HUMAN_Tsuboyama_2023_4G3O,300m,q4_k_s,cpu,pearson,-0.631680617232991,-0.6279587324448758,-0.003721884788115193,0.01,True,1000,/Users/ananyapathak/Desktop/oss/esmc.cpp/results/downstream_cache/300m_10k/q4_k_s_cpu,
ProteinGym,DMS substitutions,AMFR_HUMAN_Tsuboyama_2023_4G3O,300m,q4_k_s,cpu,kendall_tau_b,-0.4733853853853854,-0.46954401355780634,-0.003841371827579043,0.01,True,1000,/Users/ananyapathak/Desktop/oss/esmc.cpp/results/downstream_cache/300m_10k/q4_k_s_cpu,
ProteinGym,DMS substitutions,AMFR_HUMAN_Tsuboyama_2023_4G3O,300m,q4_k_s,cpu,top10_overlap,0.08,0.08,0.0,0.01,True,1000,/Users/ananyapathak/Desktop/oss/esmc.cpp/results/downstream_cache/300m_10k/q4_k_s_cpu,
ProteinGym,DMS substitutions,AMFR_HUMAN_Tsuboyama_2023_4G3O,300m,q4_k_s,cpu,bottom10_overlap,0.0,0.0,0.0,0.01,True,1000,/Users/ananyapathak/Desktop/oss/esmc.cpp/results/downstream_cache/300m_10k/q4_k_s_cpu,
ProteinGym,DMS substitutions,CBX4_HUMAN_Tsuboyama_2023_2K28,300m,pytorch,pytorch,spearman,0.22620443956166617,0.22620443956166617,0.0,0.01,True,1000,/Users/ananyapathak/Desktop/oss/esmc.cpp/results/downstream_cache/300m_10k/pytorch,
ProteinGym,DMS substitutions,CBX4_HUMAN_Tsuboyama_2023_2K28,300m,pytorch,pytorch,pearson,0.17205268053425815,0.17205268053425815,0.0,0.01,True,1000,/Users/ananyapathak/Desktop/oss/esmc.cpp/results/downstream_cache/300m_10k/pytorch,
ProteinGym,DMS substitutions,CBX4_HUMAN_Tsuboyama_2023_2K28,300m,pytorch,pytorch,kendall_tau_b,0.1525368419159051,0.1525368419159051,0.0,0.01,True,1000,/Users/ananyapathak/Desktop/oss/esmc.cpp/results/downstream_cache/300m_10k/pytorch,
ProteinGym,DMS substitutions,CBX4_HUMAN_Tsuboyama_2023_2K28,300m,pytorch,pytorch,top10_overlap,0.17,0.17,0.0,0.01,True,1000,/Users/ananyapathak/Desktop/oss/esmc.cpp/results/downstream_cache/300m_10k/pytorch,
ProteinGym,DMS substitutions,CBX4_HUMAN_Tsuboyama_2023_2K28,300m,pytorch,pytorch,bottom10_overlap,0.17,0.17,0.0,0.01,True,1000,/Users/ananyapathak/Desktop/oss/esmc.cpp/results/downstream_cache/300m_10k/pytorch,
ProteinGym,DMS substitutions,CBX4_HUMAN_Tsuboyama_2023_2K28,300m,f16,cpu,spearman,0.22532838603232666,0.22620443956166617,-0.0008760535293395044,0.01,True,1000,/Users/ananyapathak/Desktop/oss/esmc.cpp/results/downstream_cache/300m_10k/f16_cpu,
ProteinGym,DMS substitutions,CBX4_HUMAN_Tsuboyama_2023_2K28,300m,f16,cpu,pearson,0.1715428728725296,0.17205268053425815,-0.0005098076617285618,0.01,True,1000,/Users/ananyapathak/Desktop/oss/esmc.cpp/results/downstream_cache/300m_10k/f16_cpu,
ProteinGym,DMS substitutions,CBX4_HUMAN_Tsuboyama_2023_2K28,300m,f16,cpu,kendall_tau_b,0.1519805885120832,0.1525368419159051,-0.0005562534038218991,0.01,True,1000,/Users/ananyapathak/Desktop/oss/esmc.cpp/results/downstream_cache/300m_10k/f16_cpu,
ProteinGym,DMS substitutions,CBX4_HUMAN_Tsuboyama_2023_2K28,300m,f16,cpu,top10_overlap,0.17,0.17,0.0,0.01,True,1000,/Users/ananyapathak/Desktop/oss/esmc.cpp/results/downstream_cache/300m_10k/f16_cpu,
ProteinGym,DMS substitutions,CBX4_HUMAN_Tsuboyama_2023_2K28,300m,f16,cpu,bottom10_overlap,0.17,0.17,0.0,0.01,True,1000,/Users/ananyapathak/Desktop/oss/esmc.cpp/results/downstream_cache/300m_10k/f16_cpu,
ProteinGym,DMS substitutions,CBX4_HUMAN_Tsuboyama_2023_2K28,300m,q8_0,cpu,spearman,0.21695779425954098,0.22620443956166617,-0.009246645302125184,0.01,True,1000,/Users/ananyapathak/Desktop/oss/esmc.cpp/results/downstream_cache/300m_10k/q8_0_cpu,
ProteinGym,DMS substitutions,CBX4_HUMAN_Tsuboyama_2023_2K28,300m,q8_0,cpu,pearson,0.16442158891498632,0.17205268053425815,-0.007631091619271835,0.01,True,1000,/Users/ananyapathak/Desktop/oss/esmc.cpp/results/downstream_cache/300m_10k/q8_0_cpu,
ProteinGym,DMS substitutions,CBX4_HUMAN_Tsuboyama_2023_2K28,300m,q8_0,cpu,kendall_tau_b,0.14605434645544074,0.1525368419159051,-0.006482495460464366,0.01,True,1000,/Users/ananyapathak/Desktop/oss/esmc.cpp/results/downstream_cache/300m_10k/q8_0_cpu,
ProteinGym,DMS substitutions,CBX4_HUMAN_Tsuboyama_2023_2K28,300m,q8_0,cpu,top10_overlap,0.18,0.17,0.009999999999999981,0.01,True,1000,/Users/ananyapathak/Desktop/oss/esmc.cpp/results/downstream_cache/300m_10k/q8_0_cpu,
ProteinGym,DMS substitutions,CBX4_HUMAN_Tsuboyama_2023_2K28,300m,q8_0,cpu,bottom10_overlap,0.17,0.17,0.0,0.01,True,1000,/Users/ananyapathak/Desktop/oss/esmc.cpp/results/downstream_cache/300m_10k/q8_0_cpu,
ProteinGym,DMS substitutions,CBX4_HUMAN_Tsuboyama_2023_2K28,300m,q4_k_m,cpu,spearman,0.23419125300154803,0.22620443956166617,0.007986813439881862,0.01,True,1000,/Users/ananyapathak/Desktop/oss/esmc.cpp/results/downstream_cache/300m_10k/q4_k_m_cpu,
ProteinGym,DMS substitutions,CBX4_HUMAN_Tsuboyama_2023_2K28,300m,q4_k_m,cpu,pearson,0.1749557638695808,0.17205268053425815,0.0029030833353226593,0.01,True,1000,/Users/ananyapathak/Desktop/oss/esmc.cpp/results/downstream_cache/300m_10k/q4_k_m_cpu,
ProteinGym,DMS substitutions,CBX4_HUMAN_Tsuboyama_2023_2K28,300m,q4_k_m,cpu,kendall_tau_b,0.15775438540420914,0.1525368419159051,0.005217543488304027,0.01,True,1000,/Users/ananyapathak/Desktop/oss/esmc.cpp/results/downstream_cache/300m_10k/q4_k_m_cpu,
ProteinGym,DMS substitutions,CBX4_HUMAN_Tsuboyama_2023_2K28,300m,q4_k_m,cpu,top10_overlap,0.14,0.17,-0.03,0.01,False,1000,/Users/ananyapathak/Desktop/oss/esmc.cpp/results/downstream_cache/300m_10k/q4_k_m_cpu,
ProteinGym,DMS substitutions,CBX4_HUMAN_Tsuboyama_2023_2K28,300m,q4_k_m,cpu,bottom10_overlap,0.17,0.17,0.0,0.01,True,1000,/Users/ananyapathak/Desktop/oss/esmc.cpp/results/downstream_cache/300m_10k/q4_k_m_cpu,
ProteinGym,DMS substitutions,CBX4_HUMAN_Tsuboyama_2023_2K28,300m,q4_k_s,cpu,spearman,0.2330776850776851,0.22620443956166617,0.006873245516018922,0.01,True,1000,/Users/ananyapathak/Desktop/oss/esmc.cpp/results/downstream_cache/300m_10k/q4_k_s_cpu,
ProteinGym,DMS substitutions,CBX4_HUMAN_Tsuboyama_2023_2K28,300m,q4_k_s,cpu,pearson,0.18085565621704222,0.17205268053425815,0.00880297568278407,0.01,True,1000,/Users/ananyapathak/Desktop/oss/esmc.cpp/results/downstream_cache/300m_10k/q4_k_s_cpu,
ProteinGym,DMS substitutions,CBX4_HUMAN_Tsuboyama_2023_2K28,300m,q4_k_s,cpu,kendall_tau_b,0.15757357357357357,0.1525368419159051,0.005036731657668464,0.01,True,1000,/Users/ananyapathak/Desktop/oss/esmc.cpp/results/downstream_cache/300m_10k/q4_k_s_cpu,
ProteinGym,DMS substitutions,CBX4_HUMAN_Tsuboyama_2023_2K28,300m,q4_k_s,cpu,top10_overlap,0.18,0.17,0.009999999999999981,0.01,True,1000,/Users/ananyapathak/Desktop/oss/esmc.cpp/results/downstream_cache/300m_10k/q4_k_s_cpu,
ProteinGym,DMS substitutions,CBX4_HUMAN_Tsuboyama_2023_2K28,300m,q4_k_s,cpu,bottom10_overlap,0.17,0.17,0.0,0.01,True,1000,/Users/ananyapathak/Desktop/oss/esmc.cpp/results/downstream_cache/300m_10k/q4_k_s_cpu,
ProteinGym,DMS substitutions,MAFG_MOUSE_Tsuboyama_2023_1K1V,300m,pytorch,pytorch,spearman,0.3849809527556671,0.3849809527556671,0.0,0.01,True,1000,/Users/ananyapathak/Desktop/oss/esmc.cpp/results/downstream_cache/300m_10k/pytorch,
ProteinGym,DMS substitutions,MAFG_MOUSE_Tsuboyama_2023_1K1V,300m,pytorch,pytorch,pearson,0.2897928008493825,0.2897928008493825,0.0,0.01,True,1000,/Users/ananyapathak/Desktop/oss/esmc.cpp/results/downstream_cache/300m_10k/pytorch,
ProteinGym,DMS substitutions,MAFG_MOUSE_Tsuboyama_2023_1K1V,300m,pytorch,pytorch,kendall_tau_b,0.24902426939385675,0.24902426939385675,0.0,0.01,True,1000,/Users/ananyapathak/Desktop/oss/esmc.cpp/results/downstream_cache/300m_10k/pytorch,
ProteinGym,DMS substitutions,MAFG_MOUSE_Tsuboyama_2023_1K1V,300m,pytorch,pytorch,top10_overlap,0.14,0.14,0.0,0.01,True,1000,/Users/ananyapathak/Desktop/oss/esmc.cpp/results/downstream_cache/300m_10k/pytorch,
ProteinGym,DMS substitutions,MAFG_MOUSE_Tsuboyama_2023_1K1V,300m,pytorch,pytorch,bottom10_overlap,0.11,0.11,0.0,0.01,True,1000,/Users/ananyapathak/Desktop/oss/esmc.cpp/results/downstream_cache/300m_10k/pytorch,
ProteinGym,DMS substitutions,MAFG_MOUSE_Tsuboyama_2023_1K1V,300m,f16,cpu,spearman,0.3861871254556165,0.3849809527556671,0.0012061726999493816,0.01,True,1000,/Users/ananyapathak/Desktop/oss/esmc.cpp/results/downstream_cache/300m_10k/f16_cpu,
ProteinGym,DMS substitutions,MAFG_MOUSE_Tsuboyama_2023_1K1V,300m,f16,cpu,pearson,0.29078430898188296,0.2897928008493825,0.0009915081325004294,0.01,True,1000,/Users/ananyapathak/Desktop/oss/esmc.cpp/results/downstream_cache/300m_10k/f16_cpu,
ProteinGym,DMS substitutions,MAFG_MOUSE_Tsuboyama_2023_1K1V,300m,f16,cpu,kendall_tau_b,0.24987187085382462,0.24902426939385675,0.0008476014599678727,0.01,True,1000,/Users/ananyapathak/Desktop/oss/esmc.cpp/results/downstream_cache/300m_10k/f16_cpu,
ProteinGym,DMS substitutions,MAFG_MOUSE_Tsuboyama_2023_1K1V,300m,f16,cpu,top10_overlap,0.14,0.14,0.0,0.01,True,1000,/Users/ananyapathak/Desktop/oss/esmc.cpp/results/downstream_cache/300m_10k/f16_cpu,
ProteinGym,DMS substitutions,MAFG_MOUSE_Tsuboyama_2023_1K1V,300m,f16,cpu,bottom10_overlap,0.12,0.11,0.009999999999999995,0.01,True,1000,/Users/ananyapathak/Desktop/oss/esmc.cpp/results/downstream_cache/300m_10k/f16_cpu,
ProteinGym,DMS substitutions,MAFG_MOUSE_Tsuboyama_2023_1K1V,300m,q8_0,cpu,spearman,0.3855608316576092,0.3849809527556671,0.0005798789019420547,0.01,True,1000,/Users/ananyapathak/Desktop/oss/esmc.cpp/results/downstream_cache/300m_10k/q8_0_cpu,
ProteinGym,DMS substitutions,MAFG_MOUSE_Tsuboyama_2023_1K1V,300m,q8_0,cpu,pearson,0.28915926385671653,0.2897928008493825,-0.0006335369926659951,0.01,True,1000,/Users/ananyapathak/Desktop/oss/esmc.cpp/results/downstream_cache/300m_10k/q8_0_cpu,
ProteinGym,DMS substitutions,MAFG_MOUSE_Tsuboyama_2023_1K1V,300m,q8_0,cpu,kendall_tau_b,0.24970545339769545,0.24902426939385675,0.0006811840038387085,0.01,True,1000,/Users/ananyapathak/Desktop/oss/esmc.cpp/results/downstream_cache/300m_10k/q8_0_cpu,
ProteinGym,DMS substitutions,MAFG_MOUSE_Tsuboyama_2023_1K1V,300m,q8_0,cpu,top10_overlap,0.16,0.14,0.01999999999999999,0.01,False,1000,/Users/ananyapathak/Desktop/oss/esmc.cpp/results/downstream_cache/300m_10k/q8_0_cpu,
ProteinGym,DMS substitutions,MAFG_MOUSE_Tsuboyama_2023_1K1V,300m,q8_0,cpu,bottom10_overlap,0.13,0.11,0.020000000000000004,0.01,False,1000,/Users/ananyapathak/Desktop/oss/esmc.cpp/results/downstream_cache/300m_10k/q8_0_cpu,
ProteinGym,DMS substitutions,MAFG_MOUSE_Tsuboyama_2023_1K1V,300m,q4_k_m,cpu,spearman,0.3847168299500339,0.3849809527556671,-0.00026412280563320456,0.01,True,1000,/Users/ananyapathak/Desktop/oss/esmc.cpp/results/downstream_cache/300m_10k/q4_k_m_cpu,
ProteinGym,DMS substitutions,MAFG_MOUSE_Tsuboyama_2023_1K1V,300m,q4_k_m,cpu,pearson,0.2926791544596686,0.2897928008493825,0.002886353610286052,0.01,True,1000,/Users/ananyapathak/Desktop/oss/esmc.cpp/results/downstream_cache/300m_10k/q4_k_m_cpu,
ProteinGym,DMS substitutions,MAFG_MOUSE_Tsuboyama_2023_1K1V,300m,q4_k_m,cpu,kendall_tau_b,0.24776574788180136,0.24902426939385675,-0.0012585215120553828,0.01,True,1000,/Users/ananyapathak/Desktop/oss/esmc.cpp/results/downstream_cache/300m_10k/q4_k_m_cpu,
ProteinGym,DMS substitutions,MAFG_MOUSE_Tsuboyama_2023_1K1V,300m,q4_k_m,cpu,top10_overlap,0.15,0.14,0.009999999999999981,0.01,True,1000,/Users/ananyapathak/Desktop/oss/esmc.cpp/results/downstream_cache/300m_10k/q4_k_m_cpu,
ProteinGym,DMS substitutions,MAFG_MOUSE_Tsuboyama_2023_1K1V,300m,q4_k_m,cpu,bottom10_overlap,0.1,0.11,-0.009999999999999995,0.01,True,1000,/Users/ananyapathak/Desktop/oss/esmc.cpp/results/downstream_cache/300m_10k/q4_k_m_cpu,
ProteinGym,DMS substitutions,MAFG_MOUSE_Tsuboyama_2023_1K1V,300m,q4_k_s,cpu,spearman,0.3591434363757273,0.3849809527556671,-0.025837516379939807,0.01,False,1000,/Users/ananyapathak/Desktop/oss/esmc.cpp/results/downstream_cache/300m_10k/q4_k_s_cpu,
ProteinGym,DMS substitutions,MAFG_MOUSE_Tsuboyama_2023_1K1V,300m,q4_k_s,cpu,pearson,0.27661007538556126,0.2897928008493825,-0.013182725463821265,0.01,False,1000,/Users/ananyapathak/Desktop/oss/esmc.cpp/results/downstream_cache/300m_10k/q4_k_s_cpu,
ProteinGym,DMS substitutions,MAFG_MOUSE_Tsuboyama_2023_1K1V,300m,q4_k_s,cpu,kendall_tau_b,0.23123392763045494,0.24902426939385675,-0.0177903417634018,0.01,False,1000,/Users/ananyapathak/Desktop/oss/esmc.cpp/results/downstream_cache/300m_10k/q4_k_s_cpu,
ProteinGym,DMS substitutions,MAFG_MOUSE_Tsuboyama_2023_1K1V,300m,q4_k_s,cpu,top10_overlap,0.16,0.14,0.01999999999999999,0.01,False,1000,/Users/ananyapathak/Desktop/oss/esmc.cpp/results/downstream_cache/300m_10k/q4_k_s_cpu,
ProteinGym,DMS substitutions,MAFG_MOUSE_Tsuboyama_2023_1K1V,300m,q4_k_s,cpu,bottom10_overlap,0.13,0.11,0.020000000000000004,0.01,False,1000,/Users/ananyapathak/Desktop/oss/esmc.cpp/results/downstream_cache/300m_10k/q4_k_s_cpu,
ProteinGym,DMS substitutions,ODP2_GEOSE_Tsuboyama_2023_1W4G,300m,pytorch,pytorch,spearman,-0.010693150789389146,-0.010693150789389146,0.0,0.01,True,1000,/Users/ananyapathak/Desktop/oss/esmc.cpp/results/downstream_cache/300m_10k/pytorch,
ProteinGym,DMS substitutions,ODP2_GEOSE_Tsuboyama_2023_1W4G,300m,pytorch,pytorch,pearson,0.0358256864480264,0.0358256864480264,0.0,0.01,True,1000,/Users/ananyapathak/Desktop/oss/esmc.cpp/results/downstream_cache/300m_10k/pytorch,
ProteinGym,DMS substitutions,ODP2_GEOSE_Tsuboyama_2023_1W4G,300m,pytorch,pytorch,kendall_tau_b,-0.006672692710819009,-0.006672692710819009,0.0,0.01,True,1000,/Users/ananyapathak/Desktop/oss/esmc.cpp/results/downstream_cache/300m_10k/pytorch,
ProteinGym,DMS substitutions,ODP2_GEOSE_Tsuboyama_2023_1W4G,300m,pytorch,pytorch,top10_overlap,0.11,0.11,0.0,0.01,True,1000,/Users/ananyapathak/Desktop/oss/esmc.cpp/results/downstream_cache/300m_10k/pytorch,
ProteinGym,DMS substitutions,ODP2_GEOSE_Tsuboyama_2023_1W4G,300m,pytorch,pytorch,bottom10_overlap,0.16,0.16,0.0,0.01,True,1000,/Users/ananyapathak/Desktop/oss/esmc.cpp/results/downstream_cache/300m_10k/pytorch,
ProteinGym,DMS substitutions,ODP2_GEOSE_Tsuboyama_2023_1W4G,300m,f16,cpu,spearman,-0.010298608483983437,-0.010693150789389146,0.00039454230540570887,0.01,True,1000,/Users/ananyapathak/Desktop/oss/esmc.cpp/results/downstream_cache/300m_10k/f16_cpu,
ProteinGym,DMS substitutions,ODP2_GEOSE_Tsuboyama_2023_1W4G,300m,f16,cpu,pearson,0.03684932872489323,0.0358256864480264,0.0010236422768668263,0.01,True,1000,/Users/ananyapathak/Desktop/oss/esmc.cpp/results/downstream_cache/300m_10k/f16_cpu,
ProteinGym,DMS substitutions,ODP2_GEOSE_Tsuboyama_2023_1W4G,300m,f16,cpu,kendall_tau_b,-0.0064985375288711365,-0.006672692710819009,0.0001741551819478722,0.01,True,1000,/Users/ananyapathak/Desktop/oss/esmc.cpp/results/downstream_cache/300m_10k/f16_cpu,
ProteinGym,DMS substitutions,ODP2_GEOSE_Tsuboyama_2023_1W4G,300m,f16,cpu,top10_overlap,0.11,0.11,0.0,0.01,True,1000,/Users/ananyapathak/Desktop/oss/esmc.cpp/results/downstream_cache/300m_10k/f16_cpu,
ProteinGym,DMS substitutions,ODP2_GEOSE_Tsuboyama_2023_1W4G,300m,f16,cpu,bottom10_overlap,0.16,0.16,0.0,0.01,True,1000,/Users/ananyapathak/Desktop/oss/esmc.cpp/results/downstream_cache/300m_10k/f16_cpu,
ProteinGym,DMS substitutions,ODP2_GEOSE_Tsuboyama_2023_1W4G,300m,q8_0,cpu,spearman,-0.010204684388368707,-0.010693150789389146,0.000488466401020439,0.01,True,1000,/Users/ananyapathak/Desktop/oss/esmc.cpp/results/downstream_cache/300m_10k/q8_0_cpu,
ProteinGym,DMS substitutions,ODP2_GEOSE_Tsuboyama_2023_1W4G,300m,q8_0,cpu,pearson,0.03644544981043359,0.0358256864480264,0.0006197633624071899,0.01,True,1000,/Users/ananyapathak/Desktop/oss/esmc.cpp/results/downstream_cache/300m_10k/q8_0_cpu,
ProteinGym,DMS substitutions,ODP2_GEOSE_Tsuboyama_2023_1W4G,300m,q8_0,cpu,kendall_tau_b,-0.006386424743406939,-0.006672692710819009,0.0002862679674120695,0.01,True,1000,/Users/ananyapathak/Desktop/oss/esmc.cpp/results/downstream_cache/300m_10k/q8_0_cpu,
ProteinGym,DMS substitutions,ODP2_GEOSE_Tsuboyama_2023_1W4G,300m,q8_0,cpu,top10_overlap,0.11,0.11,0.0,0.01,True,1000,/Users/ananyapathak/Desktop/oss/esmc.cpp/results/downstream_cache/300m_10k/q8_0_cpu,
ProteinGym,DMS substitutions,ODP2_GEOSE_Tsuboyama_2023_1W4G,300m,q8_0,cpu,bottom10_overlap,0.16,0.16,0.0,0.01,True,1000,/Users/ananyapathak/Desktop/oss/esmc.cpp/results/downstream_cache/300m_10k/q8_0_cpu,
ProteinGym,DMS substitutions,ODP2_GEOSE_Tsuboyama_2023_1W4G,300m,q4_k_m,cpu,spearman,-0.018824341050233142,-0.010693150789389146,-0.008131190260843996,0.01,True,1000,/Users/ananyapathak/Desktop/oss/esmc.cpp/results/downstream_cache/300m_10k/q4_k_m_cpu,
ProteinGym,DMS substitutions,ODP2_GEOSE_Tsuboyama_2023_1W4G,300m,q4_k_m,cpu,pearson,0.037668362307594114,0.0358256864480264,0.0018426758595677106,0.01,True,1000,/Users/ananyapathak/Desktop/oss/esmc.cpp/results/downstream_cache/300m_10k/q4_k_m_cpu,
ProteinGym,DMS substitutions,ODP2_GEOSE_Tsuboyama_2023_1W4G,300m,q4_k_m,cpu,kendall_tau_b,-0.0115836299645772,-0.006672692710819009,-0.0049109372537581904,0.01,True,1000,/Users/ananyapathak/Desktop/oss/esmc.cpp/results/downstream_cache/300m_10k/q4_k_m_cpu,
ProteinGym,DMS substitutions,ODP2_GEOSE_Tsuboyama_2023_1W4G,300m,q4_k_m,cpu,top10_overlap,0.11,0.11,0.0,0.01,True,1000,/Users/ananyapathak/Desktop/oss/esmc.cpp/results/downstream_cache/300m_10k/q4_k_m_cpu,
ProteinGym,DMS substitutions,ODP2_GEOSE_Tsuboyama_2023_1W4G,300m,q4_k_m,cpu,bottom10_overlap,0.16,0.16,0.0,0.01,True,1000,/Users/ananyapathak/Desktop/oss/esmc.cpp/results/downstream_cache/300m_10k/q4_k_m_cpu,
ProteinGym,DMS substitutions,ODP2_GEOSE_Tsuboyama_2023_1W4G,300m,q4_k_s,cpu,spearman,-0.015086451267488683,-0.010693150789389146,-0.004393300478099537,0.01,True,1000,/Users/ananyapathak/Desktop/oss/esmc.cpp/results/downstream_cache/300m_10k/q4_k_s_cpu,
ProteinGym,DMS substitutions,ODP2_GEOSE_Tsuboyama_2023_1W4G,300m,q4_k_s,cpu,pearson,0.03316672440168324,0.0358256864480264,-0.0026589620463431662,0.01,True,1000,/Users/ananyapathak/Desktop/oss/esmc.cpp/results/downstream_cache/300m_10k/q4_k_s_cpu,
ProteinGym,DMS substitutions,ODP2_GEOSE_Tsuboyama_2023_1W4G,300m,q4_k_s,cpu,kendall_tau_b,-0.009689728487479026,-0.006672692710819009,-0.003017035776660017,0.01,True,1000,/Users/ananyapathak/Desktop/oss/esmc.cpp/results/downstream_cache/300m_10k/q4_k_s_cpu,
ProteinGym,DMS substitutions,ODP2_GEOSE_Tsuboyama_2023_1W4G,300m,q4_k_s,cpu,top10_overlap,0.11,0.11,0.0,0.01,True,1000,/Users/ananyapathak/Desktop/oss/esmc.cpp/results/downstream_cache/300m_10k/q4_k_s_cpu,
ProteinGym,DMS substitutions,ODP2_GEOSE_Tsuboyama_2023_1W4G,300m,q4_k_s,cpu,bottom10_overlap,0.15,0.16,-0.010000000000000009,0.01,False,1000,/Users/ananyapathak/Desktop/oss/esmc.cpp/results/downstream_cache/300m_10k/q4_k_s_cpu,
ProteinGym,DMS substitutions,RD23A_HUMAN_Tsuboyama_2023_1IFY,300m,pytorch,pytorch,spearman,0.06215118889700316,0.06215118889700316,0.0,0.01,True,1000,/Users/ananyapathak/Desktop/oss/esmc.cpp/results/downstream_cache/300m_10k/pytorch,
ProteinGym,DMS substitutions,RD23A_HUMAN_Tsuboyama_2023_1IFY,300m,pytorch,pytorch,pearson,0.05762986950172089,0.05762986950172089,0.0,0.01,True,1000,/Users/ananyapathak/Desktop/oss/esmc.cpp/results/downstream_cache/300m_10k/pytorch,
ProteinGym,DMS substitutions,RD23A_HUMAN_Tsuboyama_2023_1IFY,300m,pytorch,pytorch,kendall_tau_b,0.03866281746904854,0.03866281746904854,0.0,0.01,True,1000,/Users/ananyapathak/Desktop/oss/esmc.cpp/results/downstream_cache/300m_10k/pytorch,
ProteinGym,DMS substitutions,RD23A_HUMAN_Tsuboyama_2023_1IFY,300m,pytorch,pytorch,top10_overlap,0.09,0.09,0.0,0.01,True,1000,/Users/ananyapathak/Desktop/oss/esmc.cpp/results/downstream_cache/300m_10k/pytorch,
ProteinGym,DMS substitutions,RD23A_HUMAN_Tsuboyama_2023_1IFY,300m,pytorch,pytorch,bottom10_overlap,0.15,0.15,0.0,0.01,True,1000,/Users/ananyapathak/Desktop/oss/esmc.cpp/results/downstream_cache/300m_10k/pytorch,
ProteinGym,DMS substitutions,RD23A_HUMAN_Tsuboyama_2023_1IFY,300m,f16,cpu,spearman,0.06161544346390679,0.06215118889700316,-0.0005357454330963754,0.01,True,1000,/Users/ananyapathak/Desktop/oss/esmc.cpp/results/downstream_cache/300m_10k/f16_cpu,
ProteinGym,DMS substitutions,RD23A_HUMAN_Tsuboyama_2023_1IFY,300m,f16,cpu,pearson,0.057064014253115004,0.05762986950172089,-0.0005658552486058829,0.01,True,1000,/Users/ananyapathak/Desktop/oss/esmc.cpp/results/downstream_cache/300m_10k/f16_cpu,
ProteinGym,DMS substitutions,RD23A_HUMAN_Tsuboyama_2023_1IFY,300m,f16,cpu,kendall_tau_b,0.038394778728437405,0.03866281746904854,-0.00026803874061113314,0.01,True,1000,/Users/ananyapathak/Desktop/oss/esmc.cpp/results/downstream_cache/300m_10k/f16_cpu,
ProteinGym,DMS substitutions,RD23A_HUMAN_Tsuboyama_2023_1IFY,300m,f16,cpu,top10_overlap,0.09,0.09,0.0,0.01,True,1000,/Users/ananyapathak/Desktop/oss/esmc.cpp/results/downstream_cache/300m_10k/f16_cpu,
ProteinGym,DMS substitutions,RD23A_HUMAN_Tsuboyama_2023_1IFY,300m,f16,cpu,bottom10_overlap,0.15,0.15,0.0,0.01,True,1000,/Users/ananyapathak/Desktop/oss/esmc.cpp/results/downstream_cache/300m_10k/f16_cpu,
ProteinGym,DMS substitutions,RD23A_HUMAN_Tsuboyama_2023_1IFY,300m,q8_0,cpu,spearman,0.06820617943389067,0.06215118889700316,0.006054990536887503,0.01,True,1000,/Users/ananyapathak/Desktop/oss/esmc.cpp/results/downstream_cache/300m_10k/q8_0_cpu,
ProteinGym,DMS substitutions,RD23A_HUMAN_Tsuboyama_2023_1IFY,300m,q8_0,cpu,pearson,0.06138441188791824,0.05762986950172089,0.0037545423861973515,0.01,True,1000,/Users/ananyapathak/Desktop/oss/esmc.cpp/results/downstream_cache/300m_10k/q8_0_cpu,
ProteinGym,DMS substitutions,RD23A_HUMAN_Tsuboyama_2023_1IFY,300m,q8_0,cpu,kendall_tau_b,0.042847104187584736,0.03866281746904854,0.004184286718536198,0.01,True,1000,/Users/ananyapathak/Desktop/oss/esmc.cpp/results/downstream_cache/300m_10k/q8_0_cpu,
ProteinGym,DMS substitutions,RD23A_HUMAN_Tsuboyama_2023_1IFY,300m,q8_0,cpu,top10_overlap,0.09,0.09,0.0,0.01,True,1000,/Users/ananyapathak/Desktop/oss/esmc.cpp/results/downstream_cache/300m_10k/q8_0_cpu,
ProteinGym,DMS substitutions,RD23A_HUMAN_Tsuboyama_2023_1IFY,300m,q8_0,cpu,bottom10_overlap,0.15,0.15,0.0,0.01,True,1000,/Users/ananyapathak/Desktop/oss/esmc.cpp/results/downstream_cache/300m_10k/q8_0_cpu,
ProteinGym,DMS substitutions,RD23A_HUMAN_Tsuboyama_2023_1IFY,300m,q4_k_m,cpu,spearman,0.07514551649813579,0.06215118889700316,0.01299432760113263,0.01,False,1000,/Users/ananyapathak/Desktop/oss/esmc.cpp/results/downstream_cache/300m_10k/q4_k_m_cpu,
ProteinGym,DMS substitutions,RD23A_HUMAN_Tsuboyama_2023_1IFY,300m,q4_k_m,cpu,pearson,0.06168712906453931,0.05762986950172089,0.004057259562818424,0.01,True,1000,/Users/ananyapathak/Desktop/oss/esmc.cpp/results/downstream_cache/300m_10k/q4_k_m_cpu,
ProteinGym,DMS substitutions,RD23A_HUMAN_Tsuboyama_2023_1IFY,300m,q4_k_m,cpu,kendall_tau_b,0.047816103000480045,0.03866281746904854,0.009153285531431507,0.01,True,1000,/Users/ananyapathak/Desktop/oss/esmc.cpp/results/downstream_cache/300m_10k/q4_k_m_cpu,
ProteinGym,DMS substitutions,RD23A_HUMAN_Tsuboyama_2023_1IFY,300m,q4_k_m,cpu,top10_overlap,0.08,0.09,-0.009999999999999995,0.01,True,1000,/Users/ananyapathak/Desktop/oss/esmc.cpp/results/downstream_cache/300m_10k/q4_k_m_cpu,
ProteinGym,DMS substitutions,RD23A_HUMAN_Tsuboyama_2023_1IFY,300m,q4_k_m,cpu,bottom10_overlap,0.14,0.15,-0.009999999999999981,0.01,True,1000,/Users/ananyapathak/Desktop/oss/esmc.cpp/results/downstream_cache/300m_10k/q4_k_m_cpu,
ProteinGym,DMS substitutions,RD23A_HUMAN_Tsuboyama_2023_1IFY,300m,q4_k_s,cpu,spearman,0.06693660194065099,0.06215118889700316,0.004785413043647824,0.01,True,1000,/Users/ananyapathak/Desktop/oss/esmc.cpp/results/downstream_cache/300m_10k/q4_k_s_cpu,
ProteinGym,DMS substitutions,RD23A_HUMAN_Tsuboyama_2023_1IFY,300m,q4_k_s,cpu,pearson,0.06009075593322195,0.05762986950172089,0.0024608864315010595,0.01,True,1000,/Users/ananyapathak/Desktop/oss/esmc.cpp/results/downstream_cache/300m_10k/q4_k_s_cpu,
ProteinGym,DMS substitutions,RD23A_HUMAN_Tsuboyama_2023_1IFY,300m,q4_k_s,cpu,kendall_tau_b,0.042196407389954886,0.03866281746904854,0.003533589920906348,0.01,True,1000,/Users/ananyapathak/Desktop/oss/esmc.cpp/results/downstream_cache/300m_10k/q4_k_s_cpu,
ProteinGym,DMS substitutions,RD23A_HUMAN_Tsuboyama_2023_1IFY,300m,q4_k_s,cpu,top10_overlap,0.09,0.09,0.0,0.01,True,1000,/Users/ananyapathak/Desktop/oss/esmc.cpp/results/downstream_cache/300m_10k/q4_k_s_cpu,
ProteinGym,DMS substitutions,RD23A_HUMAN_Tsuboyama_2023_1IFY,300m,q4_k_s,cpu,bottom10_overlap,0.15,0.15,0.0,0.01,True,1000,/Users/ananyapathak/Desktop/oss/esmc.cpp/results/downstream_cache/300m_10k/q4_k_s_cpu,
ProteinGym,DMS substitutions,SDA_BACSU_Tsuboyama_2023_1PV0,300m,pytorch,pytorch,spearman,-0.14555238886236035,-0.14555238886236035,0.0,0.01,True,1000,/Users/ananyapathak/Desktop/oss/esmc.cpp/results/downstream_cache/300m_10k/pytorch,
ProteinGym,DMS substitutions,SDA_BACSU_Tsuboyama_2023_1PV0,300m,pytorch,pytorch,pearson,-0.10933172358067447,-0.10933172358067447,0.0,0.01,True,1000,/Users/ananyapathak/Desktop/oss/esmc.cpp/results/downstream_cache/300m_10k/pytorch,
ProteinGym,DMS substitutions,SDA_BACSU_Tsuboyama_2023_1PV0,300m,pytorch,pytorch,kendall_tau_b,-0.10783015364459125,-0.10783015364459125,0.0,0.01,True,1000,/Users/ananyapathak/Desktop/oss/esmc.cpp/results/downstream_cache/300m_10k/pytorch,
ProteinGym,DMS substitutions,SDA_BACSU_Tsuboyama_2023_1PV0,300m,pytorch,pytorch,top10_overlap,0.24,0.24,0.0,0.01,True,1000,/Users/ananyapathak/Desktop/oss/esmc.cpp/results/downstream_cache/300m_10k/pytorch,
ProteinGym,DMS substitutions,SDA_BACSU_Tsuboyama_2023_1PV0,300m,pytorch,pytorch,bottom10_overlap,0.14,0.14,0.0,0.01,True,1000,/Users/ananyapathak/Desktop/oss/esmc.cpp/results/downstream_cache/300m_10k/pytorch,
ProteinGym,DMS substitutions,SDA_BACSU_Tsuboyama_2023_1PV0,300m,f16,cpu,spearman,-0.1469847107485273,-0.14555238886236035,-0.0014323218861669318,0.01,True,1000,/Users/ananyapathak/Desktop/oss/esmc.cpp/results/downstream_cache/300m_10k/f16_cpu,
ProteinGym,DMS substitutions,SDA_BACSU_Tsuboyama_2023_1PV0,300m,f16,cpu,pearson,-0.110311133051956,-0.10933172358067447,-0.0009794094712815282,0.01,True,1000,/Users/ananyapathak/Desktop/oss/esmc.cpp/results/downstream_cache/300m_10k/f16_cpu,
ProteinGym,DMS substitutions,SDA_BACSU_Tsuboyama_2023_1PV0,300m,f16,cpu,kendall_tau_b,-0.10883727262258465,-0.10783015364459125,-0.001007118977993396,0.01,True,1000,/Users/ananyapathak/Desktop/oss/esmc.cpp/results/downstream_cache/300m_10k/f16_cpu,
ProteinGym,DMS substitutions,SDA_BACSU_Tsuboyama_2023_1PV0,300m,f16,cpu,top10_overlap,0.24,0.24,0.0,0.01,True,1000,/Users/ananyapathak/Desktop/oss/esmc.cpp/results/downstream_cache/300m_10k/f16_cpu,
ProteinGym,DMS substitutions,SDA_BACSU_Tsuboyama_2023_1PV0,300m,f16,cpu,bottom10_overlap,0.14,0.14,0.0,0.01,True,1000,/Users/ananyapathak/Desktop/oss/esmc.cpp/results/downstream_cache/300m_10k/f16_cpu,
ProteinGym,DMS substitutions,SDA_BACSU_Tsuboyama_2023_1PV0,300m,q8_0,cpu,spearman,-0.14023514707655793,-0.14555238886236035,0.0053172417858024235,0.01,True,1000,/Users/ananyapathak/Desktop/oss/esmc.cpp/results/downstream_cache/300m_10k/q8_0_cpu,
ProteinGym,DMS substitutions,SDA_BACSU_Tsuboyama_2023_1PV0,300m,q8_0,cpu,pearson,-0.10496358079844074,-0.10933172358067447,0.004368142782233728,0.01,True,1000,/Users/ananyapathak/Desktop/oss/esmc.cpp/results/downstream_cache/300m_10k/q8_0_cpu,
ProteinGym,DMS substitutions,SDA_BACSU_Tsuboyama_2023_1PV0,300m,q8_0,cpu,kendall_tau_b,-0.10380401161985091,-0.10783015364459125,0.004026142024740345,0.01,True,1000,/Users/ananyapathak/Desktop/oss/esmc.cpp/results/downstream_cache/300m_10k/q8_0_cpu,
ProteinGym,DMS substitutions,SDA_BACSU_Tsuboyama_2023_1PV0,300m,q8_0,cpu,top10_overlap,0.25,0.24,0.010000000000000009,0.01,False,1000,/Users/ananyapathak/Desktop/oss/esmc.cpp/results/downstream_cache/300m_10k/q8_0_cpu,
ProteinGym,DMS substitutions,SDA_BACSU_Tsuboyama_2023_1PV0,300m,q8_0,cpu,bottom10_overlap,0.14,0.14,0.0,0.01,True,1000,/Users/ananyapathak/Desktop/oss/esmc.cpp/results/downstream_cache/300m_10k/q8_0_cpu,
ProteinGym,DMS substitutions,SDA_BACSU_Tsuboyama_2023_1PV0,300m,q4_k_m,cpu,spearman,-0.16862795563972335,-0.14555238886236035,-0.023075566777363,0.01,False,1000,/Users/ananyapathak/Desktop/oss/esmc.cpp/results/downstream_cache/300m_10k/q4_k_m_cpu,
ProteinGym,DMS substitutions,SDA_BACSU_Tsuboyama_2023_1PV0,300m,q4_k_m,cpu,pearson,-0.1319988109062442,-0.10933172358067447,-0.02266708732556974,0.01,False,1000,/Users/ananyapathak/Desktop/oss/esmc.cpp/results/downstream_cache/300m_10k/q4_k_m_cpu,
ProteinGym,DMS substitutions,SDA_BACSU_Tsuboyama_2023_1PV0,300m,q4_k_m,cpu,kendall_tau_b,-0.12403228034515415,-0.10783015364459125,-0.016202126700562897,0.01,False,1000,/Users/ananyapathak/Desktop/oss/esmc.cpp/results/downstream_cache/300m_10k/q4_k_m_cpu,
ProteinGym,DMS substitutions,SDA_BACSU_Tsuboyama_2023_1PV0,300m,q4_k_m,cpu,top10_overlap,0.24,0.24,0.0,0.01,True,1000,/Users/ananyapathak/Desktop/oss/esmc.cpp/results/downstream_cache/300m_10k/q4_k_m_cpu,
ProteinGym,DMS substitutions,SDA_BACSU_Tsuboyama_2023_1PV0,300m,q4_k_m,cpu,bottom10_overlap,0.13,0.14,-0.010000000000000009,0.01,False,1000,/Users/ananyapathak/Desktop/oss/esmc.cpp/results/downstream_cache/300m_10k/q4_k_m_cpu,
ProteinGym,DMS substitutions,SDA_BACSU_Tsuboyama_2023_1PV0,300m,q4_k_s,cpu,spearman,-0.16439585935498482,-0.14555238886236035,-0.01884347049262447,0.01,False,1000,/Users/ananyapathak/Desktop/oss/esmc.cpp/results/downstream_cache/300m_10k/q4_k_s_cpu,
ProteinGym,DMS substitutions,SDA_BACSU_Tsuboyama_2023_1PV0,300m,q4_k_s,cpu,pearson,-0.13054165175013543,-0.10933172358067447,-0.021209928169460962,0.01,False,1000,/Users/ananyapathak/Desktop/oss/esmc.cpp/results/downstream_cache/300m_10k/q4_k_s_cpu,
ProteinGym,DMS substitutions,SDA_BACSU_Tsuboyama_2023_1PV0,300m,q4_k_s,cpu,kendall_tau_b,-0.12062134507531914,-0.10783015364459125,-0.012791191430727891,0.01,False,1000,/Users/ananyapathak/Desktop/oss/esmc.cpp/results/downstream_cache/300m_10k/q4_k_s_cpu,
ProteinGym,DMS substitutions,SDA_BACSU_Tsuboyama_2023_1PV0,300m,q4_k_s,cpu,top10_overlap,0.23,0.24,-0.009999999999999981,0.01,True,1000,/Users/ananyapathak/Desktop/oss/esmc.cpp/results/downstream_cache/300m_10k/q4_k_s_cpu,
ProteinGym,DMS substitutions,SDA_BACSU_Tsuboyama_2023_1PV0,300m,q4_k_s,cpu,bottom10_overlap,0.12,0.14,-0.020000000000000018,0.01,False,1000,/Users/ananyapathak/Desktop/oss/esmc.cpp/results/downstream_cache/300m_10k/q4_k_s_cpu,
ProteinGym,DMS substitutions,SR43C_ARATH_Tsuboyama_2023_2N88,300m,pytorch,pytorch,spearman,0.2953269579849006,0.2953269579849006,0.0,0.01,True,1000,/Users/ananyapathak/Desktop/oss/esmc.cpp/results/downstream_cache/300m_10k/pytorch,
ProteinGym,DMS substitutions,SR43C_ARATH_Tsuboyama_2023_2N88,300m,pytorch,pytorch,pearson,0.13615381692506714,0.13615381692506714,0.0,0.01,True,1000,/Users/ananyapathak/Desktop/oss/esmc.cpp/results/downstream_cache/300m_10k/pytorch,
ProteinGym,DMS substitutions,SR43C_ARATH_Tsuboyama_2023_2N88,300m,pytorch,pytorch,kendall_tau_b,0.19761220504254784,0.19761220504254784,0.0,0.01,True,1000,/Users/ananyapathak/Desktop/oss/esmc.cpp/results/downstream_cache/300m_10k/pytorch,
ProteinGym,DMS substitutions,SR43C_ARATH_Tsuboyama_2023_2N88,300m,pytorch,pytorch,top10_overlap,0.16,0.16,0.0,0.01,True,1000,/Users/ananyapathak/Desktop/oss/esmc.cpp/results/downstream_cache/300m_10k/pytorch,
ProteinGym,DMS substitutions,SR43C_ARATH_Tsuboyama_2023_2N88,300m,pytorch,pytorch,bottom10_overlap,0.16,0.16,0.0,0.01,True,1000,/Users/ananyapathak/Desktop/oss/esmc.cpp/results/downstream_cache/300m_10k/pytorch,
ProteinGym,DMS substitutions,SR43C_ARATH_Tsuboyama_2023_2N88,300m,f16,cpu,spearman,0.2955769140105678,0.2953269579849006,0.0002499560256671862,0.01,True,1000,/Users/ananyapathak/Desktop/oss/esmc.cpp/results/downstream_cache/300m_10k/f16_cpu,
ProteinGym,DMS substitutions,SR43C_ARATH_Tsuboyama_2023_2N88,300m,f16,cpu,pearson,0.136500756907649,0.13615381692506714,0.00034693998258186753,0.01,True,1000,/Users/ananyapathak/Desktop/oss/esmc.cpp/results/downstream_cache/300m_10k/f16_cpu,
ProteinGym,DMS substitutions,SR43C_ARATH_Tsuboyama_2023_2N88,300m,f16,cpu,kendall_tau_b,0.1977727616279107,0.19761220504254784,0.00016055658536284767,0.01,True,1000,/Users/ananyapathak/Desktop/oss/esmc.cpp/results/downstream_cache/300m_10k/f16_cpu,
ProteinGym,DMS substitutions,SR43C_ARATH_Tsuboyama_2023_2N88,300m,f16,cpu,top10_overlap,0.16,0.16,0.0,0.01,True,1000,/Users/ananyapathak/Desktop/oss/esmc.cpp/results/downstream_cache/300m_10k/f16_cpu,
ProteinGym,DMS substitutions,SR43C_ARATH_Tsuboyama_2023_2N88,300m,f16,cpu,bottom10_overlap,0.16,0.16,0.0,0.01,True,1000,/Users/ananyapathak/Desktop/oss/esmc.cpp/results/downstream_cache/300m_10k/f16_cpu,
ProteinGym,DMS substitutions,SR43C_ARATH_Tsuboyama_2023_2N88,300m,q8_0,cpu,spearman,0.2953367919948231,0.2953269579849006,9.834009922493614e-06,0.01,True,1000,/Users/ananyapathak/Desktop/oss/esmc.cpp/results/downstream_cache/300m_10k/q8_0_cpu,
ProteinGym,DMS substitutions,SR43C_ARATH_Tsuboyama_2023_2N88,300m,q8_0,cpu,pearson,0.13726077591829683,0.13615381692506714,0.0011069589932296842,0.01,True,1000,/Users/ananyapathak/Desktop/oss/esmc.cpp/results/downstream_cache/300m_10k/q8_0_cpu,
ProteinGym,DMS substitutions,SR43C_ARATH_Tsuboyama_2023_2N88,300m,q8_0,cpu,kendall_tau_b,0.19733993195263744,0.19761220504254784,-0.000272273089910402,0.01,True,1000,/Users/ananyapathak/Desktop/oss/esmc.cpp/results/downstream_cache/300m_10k/q8_0_cpu,
ProteinGym,DMS substitutions,SR43C_ARATH_Tsuboyama_2023_2N88,300m,q8_0,cpu,top10_overlap,0.17,0.16,0.010000000000000009,0.01,False,1000,/Users/ananyapathak/Desktop/oss/esmc.cpp/results/downstream_cache/300m_10k/q8_0_cpu,
ProteinGym,DMS substitutions,SR43C_ARATH_Tsuboyama_2023_2N88,300m,q8_0,cpu,bottom10_overlap,0.16,0.16,0.0,0.01,True,1000,/Users/ananyapathak/Desktop/oss/esmc.cpp/results/downstream_cache/300m_10k/q8_0_cpu,
ProteinGym,DMS substitutions,SR43C_ARATH_Tsuboyama_2023_2N88,300m,q4_k_m,cpu,spearman,0.2938761607577892,0.2953269579849006,-0.001450797227111389,0.01,True,1000,/Users/ananyapathak/Desktop/oss/esmc.cpp/results/downstream_cache/300m_10k/q4_k_m_cpu,
ProteinGym,DMS substitutions,SR43C_ARATH_Tsuboyama_2023_2N88,300m,q4_k_m,cpu,pearson,0.13291102574469038,0.13615381692506714,-0.003242791180376764,0.01,True,1000,/Users/ananyapathak/Desktop/oss/esmc.cpp/results/downstream_cache/300m_10k/q4_k_m_cpu,
ProteinGym,DMS substitutions,SR43C_ARATH_Tsuboyama_2023_2N88,300m,q4_k_m,cpu,kendall_tau_b,0.19583002585597983,0.19761220504254784,-0.0017821791865680059,0.01,True,1000,/Users/ananyapathak/Desktop/oss/esmc.cpp/results/downstream_cache/300m_10k/q4_k_m_cpu,
ProteinGym,DMS substitutions,SR43C_ARATH_Tsuboyama_2023_2N88,300m,q4_k_m,cpu,top10_overlap,0.2,0.16,0.04000000000000001,0.01,False,1000,/Users/ananyapathak/Desktop/oss/esmc.cpp/results/downstream_cache/300m_10k/q4_k_m_cpu,
ProteinGym,DMS substitutions,SR43C_ARATH_Tsuboyama_2023_2N88,300m,q4_k_m,cpu,bottom10_overlap,0.17,0.16,0.010000000000000009,0.01,False,1000,/Users/ananyapathak/Desktop/oss/esmc.cpp/results/downstream_cache/300m_10k/q4_k_m_cpu,
ProteinGym,DMS substitutions,SR43C_ARATH_Tsuboyama_2023_2N88,300m,q4_k_s,cpu,spearman,0.30479447553762584,0.2953269579849006,0.009467517552725235,0.01,True,1000,/Users/ananyapathak/Desktop/oss/esmc.cpp/results/downstream_cache/300m_10k/q4_k_s_cpu,
ProteinGym,DMS substitutions,SR43C_ARATH_Tsuboyama_2023_2N88,300m,q4_k_s,cpu,pearson,0.14712194229963796,0.13615381692506714,0.010968125374570814,0.01,False,1000,/Users/ananyapathak/Desktop/oss/esmc.cpp/results/downstream_cache/300m_10k/q4_k_s_cpu,
ProteinGym,DMS substitutions,SR43C_ARATH_Tsuboyama_2023_2N88,300m,q4_k_s,cpu,kendall_tau_b,0.20349010057179015,0.19761220504254784,0.005877895529242311,0.01,True,1000,/Users/ananyapathak/Desktop/oss/esmc.cpp/results/downstream_cache/300m_10k/q4_k_s_cpu,
ProteinGym,DMS substitutions,SR43C_ARATH_Tsuboyama_2023_2N88,300m,q4_k_s,cpu,top10_overlap,0.18,0.16,0.01999999999999999,0.01,False,1000,/Users/ananyapathak/Desktop/oss/esmc.cpp/results/downstream_cache/300m_10k/q4_k_s_cpu,
ProteinGym,DMS substitutions,SR43C_ARATH_Tsuboyama_2023_2N88,300m,q4_k_s,cpu,bottom10_overlap,0.17,0.16,0.010000000000000009,0.01,False,1000,/Users/ananyapathak/Desktop/oss/esmc.cpp/results/downstream_cache/300m_10k/q4_k_s_cpu,
ProteinGym,DMS substitutions,TCRG1_MOUSE_Tsuboyama_2023_1E0L,300m,pytorch,pytorch,spearman,-0.0029855430213695374,-0.0029855430213695374,0.0,0.01,True,1000,/Users/ananyapathak/Desktop/oss/esmc.cpp/results/downstream_cache/300m_10k/pytorch,
ProteinGym,DMS substitutions,TCRG1_MOUSE_Tsuboyama_2023_1E0L,300m,pytorch,pytorch,pearson,-0.08176315904573844,-0.08176315904573844,0.0,0.01,True,1000,/Users/ananyapathak/Desktop/oss/esmc.cpp/results/downstream_cache/300m_10k/pytorch,
ProteinGym,DMS substitutions,TCRG1_MOUSE_Tsuboyama_2023_1E0L,300m,pytorch,pytorch,kendall_tau_b,0.0018058130363029093,0.0018058130363029093,0.0,0.01,True,1000,/Users/ananyapathak/Desktop/oss/esmc.cpp/results/downstream_cache/300m_10k/pytorch,
ProteinGym,DMS substitutions,TCRG1_MOUSE_Tsuboyama_2023_1E0L,300m,pytorch,pytorch,top10_overlap,0.06,0.06,0.0,0.01,True,1000,/Users/ananyapathak/Desktop/oss/esmc.cpp/results/downstream_cache/300m_10k/pytorch,
ProteinGym,DMS substitutions,TCRG1_MOUSE_Tsuboyama_2023_1E0L,300m,pytorch,pytorch,bottom10_overlap,0.1,0.1,0.0,0.01,True,1000,/Users/ananyapathak/Desktop/oss/esmc.cpp/results/downstream_cache/300m_10k/pytorch,
ProteinGym,DMS substitutions,TCRG1_MOUSE_Tsuboyama_2023_1E0L,300m,f16,cpu,spearman,-0.00299883304381554,-0.0029855430213695374,-1.3290022446002525e-05,0.01,True,1000,/Users/ananyapathak/Desktop/oss/esmc.cpp/results/downstream_cache/300m_10k/f16_cpu,
ProteinGym,DMS substitutions,TCRG1_MOUSE_Tsuboyama_2023_1E0L,300m,f16,cpu,pearson,-0.08188011877363448,-0.08176315904573844,-0.00011695972789603493,0.01,True,1000,/Users/ananyapathak/Desktop/oss/esmc.cpp/results/downstream_cache/300m_10k/f16_cpu,
ProteinGym,DMS substitutions,TCRG1_MOUSE_Tsuboyama_2023_1E0L,300m,f16,cpu,kendall_tau_b,0.001695704182724856,0.0018058130363029093,-0.00011010885357805333,0.01,True,1000,/Users/ananyapathak/Desktop/oss/esmc.cpp/results/downstream_cache/300m_10k/f16_cpu,
ProteinGym,DMS substitutions,TCRG1_MOUSE_Tsuboyama_2023_1E0L,300m,f16,cpu,top10_overlap,0.06,0.06,0.0,0.01,True,1000,/Users/ananyapathak/Desktop/oss/esmc.cpp/results/downstream_cache/300m_10k/f16_cpu,
ProteinGym,DMS substitutions,TCRG1_MOUSE_Tsuboyama_2023_1E0L,300m,f16,cpu,bottom10_overlap,0.1,0.1,0.0,0.01,True,1000,/Users/ananyapathak/Desktop/oss/esmc.cpp/results/downstream_cache/300m_10k/f16_cpu,
ProteinGym,DMS substitutions,TCRG1_MOUSE_Tsuboyama_2023_1E0L,300m,q8_0,cpu,spearman,0.004030984115634783,-0.0029855430213695374,0.00701652713700432,0.01,True,1000,/Users/ananyapathak/Desktop/oss/esmc.cpp/results/downstream_cache/300m_10k/q8_0_cpu,
ProteinGym,DMS substitutions,TCRG1_MOUSE_Tsuboyama_2023_1E0L,300m,q8_0,cpu,pearson,-0.07598810406611624,-0.08176315904573844,0.0057750549796222045,0.01,True,1000,/Users/ananyapathak/Desktop/oss/esmc.cpp/results/downstream_cache/300m_10k/q8_0_cpu,
ProteinGym,DMS substitutions,TCRG1_MOUSE_Tsuboyama_2023_1E0L,300m,q8_0,cpu,kendall_tau_b,0.006340384767616486,0.0018058130363029093,0.004534571731313577,0.01,True,1000,/Users/ananyapathak/Desktop/oss/esmc.cpp/results/downstream_cache/300m_10k/q8_0_cpu,
ProteinGym,DMS substitutions,TCRG1_MOUSE_Tsuboyama_2023_1E0L,300m,q8_0,cpu,top10_overlap,0.06,0.06,0.0,0.01,True,1000,/Users/ananyapathak/Desktop/oss/esmc.cpp/results/downstream_cache/300m_10k/q8_0_cpu,
ProteinGym,DMS substitutions,TCRG1_MOUSE_Tsuboyama_2023_1E0L,300m,q8_0,cpu,bottom10_overlap,0.1,0.1,0.0,0.01,True,1000,/Users/ananyapathak/Desktop/oss/esmc.cpp/results/downstream_cache/300m_10k/q8_0_cpu,
ProteinGym,DMS substitutions,TCRG1_MOUSE_Tsuboyama_2023_1E0L,300m,q4_k_m,cpu,spearman,-0.0002165822185314585,-0.0029855430213695374,0.002768960802838079,0.01,True,1000,/Users/ananyapathak/Desktop/oss/esmc.cpp/results/downstream_cache/300m_10k/q4_k_m_cpu,
ProteinGym,DMS substitutions,TCRG1_MOUSE_Tsuboyama_2023_1E0L,300m,q4_k_m,cpu,pearson,-0.08062530234660346,-0.08176315904573844,0.0011378566991349787,0.01,True,1000,/Users/ananyapathak/Desktop/oss/esmc.cpp/results/downstream_cache/300m_10k/q4_k_m_cpu,
ProteinGym,DMS substitutions,TCRG1_MOUSE_Tsuboyama_2023_1E0L,300m,q4_k_m,cpu,kendall_tau_b,0.004306319238215328,0.0018058130363029093,0.0025005062019124186,0.01,True,1000,/Users/ananyapathak/Desktop/oss/esmc.cpp/results/downstream_cache/300m_10k/q4_k_m_cpu,
ProteinGym,DMS substitutions,TCRG1_MOUSE_Tsuboyama_2023_1E0L,300m,q4_k_m,cpu,top10_overlap,0.06,0.06,0.0,0.01,True,1000,/Users/ananyapathak/Desktop/oss/esmc.cpp/results/downstream_cache/300m_10k/q4_k_m_cpu,
ProteinGym,DMS substitutions,TCRG1_MOUSE_Tsuboyama_2023_1E0L,300m,q4_k_m,cpu,bottom10_overlap,0.09,0.1,-0.010000000000000009,0.01,False,1000,/Users/ananyapathak/Desktop/oss/esmc.cpp/results/downstream_cache/300m_10k/q4_k_m_cpu,
ProteinGym,DMS substitutions,TCRG1_MOUSE_Tsuboyama_2023_1E0L,300m,q4_k_s,cpu,spearman,0.01200102010902929,-0.0029855430213695374,0.014986563130398829,0.01,False,1000,/Users/ananyapathak/Desktop/oss/esmc.cpp/results/downstream_cache/300m_10k/q4_k_s_cpu,
ProteinGym,DMS substitutions,TCRG1_MOUSE_Tsuboyama_2023_1E0L,300m,q4_k_s,cpu,pearson,-0.07498205147912364,-0.08176315904573844,0.006781107566614805,0.01,True,1000,/Users/ananyapathak/Desktop/oss/esmc.cpp/results/downstream_cache/300m_10k/q4_k_s_cpu,
ProteinGym,DMS substitutions,TCRG1_MOUSE_Tsuboyama_2023_1E0L,300m,q4_k_s,cpu,kendall_tau_b,0.013127166548106884,0.0018058130363029093,0.011321353511803973,0.01,False,1000,/Users/ananyapathak/Desktop/oss/esmc.cpp/results/downstream_cache/300m_10k/q4_k_s_cpu,
ProteinGym,DMS substitutions,TCRG1_MOUSE_Tsuboyama_2023_1E0L,300m,q4_k_s,cpu,top10_overlap,0.06,0.06,0.0,0.01,True,1000,/Users/ananyapathak/Desktop/oss/esmc.cpp/results/downstream_cache/300m_10k/q4_k_s_cpu,
ProteinGym,DMS substitutions,TCRG1_MOUSE_Tsuboyama_2023_1E0L,300m,q4_k_s,cpu,bottom10_overlap,0.09,0.1,-0.010000000000000009,0.01,False,1000,/Users/ananyapathak/Desktop/oss/esmc.cpp/results/downstream_cache/300m_10k/q4_k_s_cpu,
ProteinGym,DMS substitutions,THO1_YEAST_Tsuboyama_2023_2WQG,300m,pytorch,pytorch,spearman,0.3604510875324408,0.3604510875324408,0.0,0.01,True,1000,/Users/ananyapathak/Desktop/oss/esmc.cpp/results/downstream_cache/300m_10k/pytorch,
ProteinGym,DMS substitutions,THO1_YEAST_Tsuboyama_2023_2WQG,300m,pytorch,pytorch,pearson,0.2806389056475029,0.2806389056475029,0.0,0.01,True,1000,/Users/ananyapathak/Desktop/oss/esmc.cpp/results/downstream_cache/300m_10k/pytorch,
ProteinGym,DMS substitutions,THO1_YEAST_Tsuboyama_2023_2WQG,300m,pytorch,pytorch,kendall_tau_b,0.23505328834174774,0.23505328834174774,0.0,0.01,True,1000,/Users/ananyapathak/Desktop/oss/esmc.cpp/results/downstream_cache/300m_10k/pytorch,
ProteinGym,DMS substitutions,THO1_YEAST_Tsuboyama_2023_2WQG,300m,pytorch,pytorch,top10_overlap,0.14,0.14,0.0,0.01,True,1000,/Users/ananyapathak/Desktop/oss/esmc.cpp/results/downstream_cache/300m_10k/pytorch,
ProteinGym,DMS substitutions,THO1_YEAST_Tsuboyama_2023_2WQG,300m,pytorch,pytorch,bottom10_overlap,0.21,0.21,0.0,0.01,True,1000,/Users/ananyapathak/Desktop/oss/esmc.cpp/results/downstream_cache/300m_10k/pytorch,
ProteinGym,DMS substitutions,THO1_YEAST_Tsuboyama_2023_2WQG,300m,f16,cpu,spearman,0.36102781736015116,0.3604510875324408,0.0005767298277103428,0.01,True,1000,/Users/ananyapathak/Desktop/oss/esmc.cpp/results/downstream_cache/300m_10k/f16_cpu,
ProteinGym,DMS substitutions,THO1_YEAST_Tsuboyama_2023_2WQG,300m,f16,cpu,pearson,0.28101562089161436,0.2806389056475029,0.0003767152441114807,0.01,True,1000,/Users/ananyapathak/Desktop/oss/esmc.cpp/results/downstream_cache/300m_10k/f16_cpu,
ProteinGym,DMS substitutions,THO1_YEAST_Tsuboyama_2023_2WQG,300m,f16,cpu,kendall_tau_b,0.2354604022457403,0.23505328834174774,0.000407113903992562,0.01,True,1000,/Users/ananyapathak/Desktop/oss/esmc.cpp/results/downstream_cache/300m_10k/f16_cpu,
ProteinGym,DMS substitutions,THO1_YEAST_Tsuboyama_2023_2WQG,300m,f16,cpu,top10_overlap,0.14,0.14,0.0,0.01,True,1000,/Users/ananyapathak/Desktop/oss/esmc.cpp/results/downstream_cache/300m_10k/f16_cpu,
ProteinGym,DMS substitutions,THO1_YEAST_Tsuboyama_2023_2WQG,300m,f16,cpu,bottom10_overlap,0.21,0.21,0.0,0.01,True,1000,/Users/ananyapathak/Desktop/oss/esmc.cpp/results/downstream_cache/300m_10k/f16_cpu,
ProteinGym,DMS substitutions,THO1_YEAST_Tsuboyama_2023_2WQG,300m,q8_0,cpu,spearman,0.36069252777460536,0.3604510875324408,0.00024144024216454785,0.01,True,1000,/Users/ananyapathak/Desktop/oss/esmc.cpp/results/downstream_cache/300m_10k/q8_0_cpu,
ProteinGym,DMS substitutions,THO1_YEAST_Tsuboyama_2023_2WQG,300m,q8_0,cpu,pearson,0.28003619726709167,0.2806389056475029,-0.0006027083804112099,0.01,True,1000,/Users/ananyapathak/Desktop/oss/esmc.cpp/results/downstream_cache/300m_10k/q8_0_cpu,
ProteinGym,DMS substitutions,THO1_YEAST_Tsuboyama_2023_2WQG,300m,q8_0,cpu,kendall_tau_b,0.2351774125901204,0.23505328834174774,0.000124124248372659,0.01,True,1000,/Users/ananyapathak/Desktop/oss/esmc.cpp/results/downstream_cache/300m_10k/q8_0_cpu,
ProteinGym,DMS substitutions,THO1_YEAST_Tsuboyama_2023_2WQG,300m,q8_0,cpu,top10_overlap,0.14,0.14,0.0,0.01,True,1000,/Users/ananyapathak/Desktop/oss/esmc.cpp/results/downstream_cache/300m_10k/q8_0_cpu,
ProteinGym,DMS substitutions,THO1_YEAST_Tsuboyama_2023_2WQG,300m,q8_0,cpu,bottom10_overlap,0.2,0.21,-0.009999999999999981,0.01,True,1000,/Users/ananyapathak/Desktop/oss/esmc.cpp/results/downstream_cache/300m_10k/q8_0_cpu,
ProteinGym,DMS substitutions,THO1_YEAST_Tsuboyama_2023_2WQG,300m,q4_k_m,cpu,spearman,0.3603915723915724,0.3604510875324408,-5.951514086843801e-05,0.01,True,1000,/Users/ananyapathak/Desktop/oss/esmc.cpp/results/downstream_cache/300m_10k/q4_k_m_cpu,
ProteinGym,DMS substitutions,THO1_YEAST_Tsuboyama_2023_2WQG,300m,q4_k_m,cpu,pearson,0.2852243165453631,0.2806389056475029,0.004585410897860243,0.01,True,1000,/Users/ananyapathak/Desktop/oss/esmc.cpp/results/downstream_cache/300m_10k/q4_k_m_cpu,
ProteinGym,DMS substitutions,THO1_YEAST_Tsuboyama_2023_2WQG,300m,q4_k_m,cpu,kendall_tau_b,0.2352152152152152,0.23505328834174774,0.0001619268734674717,0.01,True,1000,/Users/ananyapathak/Desktop/oss/esmc.cpp/results/downstream_cache/300m_10k/q4_k_m_cpu,
ProteinGym,DMS substitutions,THO1_YEAST_Tsuboyama_2023_2WQG,300m,q4_k_m,cpu,top10_overlap,0.16,0.14,0.01999999999999999,0.01,False,1000,/Users/ananyapathak/Desktop/oss/esmc.cpp/results/downstream_cache/300m_10k/q4_k_m_cpu,
ProteinGym,DMS substitutions,THO1_YEAST_Tsuboyama_2023_2WQG,300m,q4_k_m,cpu,bottom10_overlap,0.2,0.21,-0.009999999999999981,0.01,True,1000,/Users/ananyapathak/Desktop/oss/esmc.cpp/results/downstream_cache/300m_10k/q4_k_m_cpu,
ProteinGym,DMS substitutions,THO1_YEAST_Tsuboyama_2023_2WQG,300m,q4_k_s,cpu,spearman,0.3710891942024618,0.3604510875324408,0.010638106670020964,0.01,False,1000,/Users/ananyapathak/Desktop/oss/esmc.cpp/results/downstream_cache/300m_10k/q4_k_s_cpu,
ProteinGym,DMS substitutions,THO1_YEAST_Tsuboyama_2023_2WQG,300m,q4_k_s,cpu,pearson,0.2879495499001558,0.2806389056475029,0.007310644252652931,0.01,True,1000,/Users/ananyapathak/Desktop/oss/esmc.cpp/results/downstream_cache/300m_10k/q4_k_s_cpu,
ProteinGym,DMS substitutions,THO1_YEAST_Tsuboyama_2023_2WQG,300m,q4_k_s,cpu,kendall_tau_b,0.24151976128116331,0.23505328834174774,0.006466472939415574,0.01,True,1000,/Users/ananyapathak/Desktop/oss/esmc.cpp/results/downstream_cache/300m_10k/q4_k_s_cpu,
ProteinGym,DMS substitutions,THO1_YEAST_Tsuboyama_2023_2WQG,300m,q4_k_s,cpu,top10_overlap,0.16,0.14,0.01999999999999999,0.01,False,1000,/Users/ananyapathak/Desktop/oss/esmc.cpp/results/downstream_cache/300m_10k/q4_k_s_cpu,
ProteinGym,DMS substitutions,THO1_YEAST_Tsuboyama_2023_2WQG,300m,q4_k_s,cpu,bottom10_overlap,0.21,0.21,0.0,0.01,True,1000,/Users/ananyapathak/Desktop/oss/esmc.cpp/results/downstream_cache/300m_10k/q4_k_s_cpu,
ProteinGym,DMS substitutions,YNZC_BACSU_Tsuboyama_2023_2JVD,300m,pytorch,pytorch,spearman,0.6065495298281242,0.6065495298281242,0.0,0.01,True,1000,/Users/ananyapathak/Desktop/oss/esmc.cpp/results/downstream_cache/300m_10k/pytorch,
ProteinGym,DMS substitutions,YNZC_BACSU_Tsuboyama_2023_2JVD,300m,pytorch,pytorch,pearson,0.508504941747338,0.508504941747338,0.0,0.01,True,1000,/Users/ananyapathak/Desktop/oss/esmc.cpp/results/downstream_cache/300m_10k/pytorch,
ProteinGym,DMS substitutions,YNZC_BACSU_Tsuboyama_2023_2JVD,300m,pytorch,pytorch,kendall_tau_b,0.4253390403999677,0.4253390403999677,0.0,0.01,True,1000,/Users/ananyapathak/Desktop/oss/esmc.cpp/results/downstream_cache/300m_10k/pytorch,
ProteinGym,DMS substitutions,YNZC_BACSU_Tsuboyama_2023_2JVD,300m,pytorch,pytorch,top10_overlap,0.37,0.37,0.0,0.01,True,1000,/Users/ananyapathak/Desktop/oss/esmc.cpp/results/downstream_cache/300m_10k/pytorch,
ProteinGym,DMS substitutions,YNZC_BACSU_Tsuboyama_2023_2JVD,300m,pytorch,pytorch,bottom10_overlap,0.28,0.28,0.0,0.01,True,1000,/Users/ananyapathak/Desktop/oss/esmc.cpp/results/downstream_cache/300m_10k/pytorch,
ProteinGym,DMS substitutions,YNZC_BACSU_Tsuboyama_2023_2JVD,300m,f16,cpu,spearman,0.6061728969025278,0.6065495298281242,-0.0003766329255963097,0.01,True,1000,/Users/ananyapathak/Desktop/oss/esmc.cpp/results/downstream_cache/300m_10k/f16_cpu,
ProteinGym,DMS substitutions,YNZC_BACSU_Tsuboyama_2023_2JVD,300m,f16,cpu,pearson,0.5080959757689182,0.508504941747338,-0.000408965978419773,0.01,True,1000,/Users/ananyapathak/Desktop/oss/esmc.cpp/results/downstream_cache/300m_10k/f16_cpu,
ProteinGym,DMS substitutions,YNZC_BACSU_Tsuboyama_2023_2JVD,300m,f16,cpu,kendall_tau_b,0.42490988426387455,0.4253390403999677,-0.0004291561360931784,0.01,True,1000,/Users/ananyapathak/Desktop/oss/esmc.cpp/results/downstream_cache/300m_10k/f16_cpu,
ProteinGym,DMS substitutions,YNZC_BACSU_Tsuboyama_2023_2JVD,300m,f16,cpu,top10_overlap,0.37,0.37,0.0,0.01,True,1000,/Users/ananyapathak/Desktop/oss/esmc.cpp/results/downstream_cache/300m_10k/f16_cpu,
ProteinGym,DMS substitutions,YNZC_BACSU_Tsuboyama_2023_2JVD,300m,f16,cpu,bottom10_overlap,0.28,0.28,0.0,0.01,True,1000,/Users/ananyapathak/Desktop/oss/esmc.cpp/results/downstream_cache/300m_10k/f16_cpu,
ProteinGym,DMS substitutions,YNZC_BACSU_Tsuboyama_2023_2JVD,300m,q8_0,cpu,spearman,0.6080006894726957,0.6065495298281242,0.0014511596445715425,0.01,True,1000,/Users/ananyapathak/Desktop/oss/esmc.cpp/results/downstream_cache/300m_10k/q8_0_cpu,
ProteinGym,DMS substitutions,YNZC_BACSU_Tsuboyama_2023_2JVD,300m,q8_0,cpu,pearson,0.5102450177430787,0.508504941747338,0.0017400759957407752,0.01,True,1000,/Users/ananyapathak/Desktop/oss/esmc.cpp/results/downstream_cache/300m_10k/q8_0_cpu,
ProteinGym,DMS substitutions,YNZC_BACSU_Tsuboyama_2023_2JVD,300m,q8_0,cpu,kendall_tau_b,0.42655383349691883,0.4253390403999677,0.0012147930969511056,0.01,True,1000,/Users/ananyapathak/Desktop/oss/esmc.cpp/results/downstream_cache/300m_10k/q8_0_cpu,
ProteinGym,DMS substitutions,YNZC_BACSU_Tsuboyama_2023_2JVD,300m,q8_0,cpu,top10_overlap,0.39,0.37,0.020000000000000018,0.01,False,1000,/Users/ananyapathak/Desktop/oss/esmc.cpp/results/downstream_cache/300m_10k/q8_0_cpu,
ProteinGym,DMS substitutions,YNZC_BACSU_Tsuboyama_2023_2JVD,300m,q8_0,cpu,bottom10_overlap,0.28,0.28,0.0,0.01,True,1000,/Users/ananyapathak/Desktop/oss/esmc.cpp/results/downstream_cache/300m_10k/q8_0_cpu,
ProteinGym,DMS substitutions,YNZC_BACSU_Tsuboyama_2023_2JVD,300m,q4_k_m,cpu,spearman,0.6167151176661353,0.6065495298281242,0.010165587838011136,0.01,False,1000,/Users/ananyapathak/Desktop/oss/esmc.cpp/results/downstream_cache/300m_10k/q4_k_m_cpu,
ProteinGym,DMS substitutions,YNZC_BACSU_Tsuboyama_2023_2JVD,300m,q4_k_m,cpu,pearson,0.5156379032466303,0.508504941747338,0.007132961499292323,0.01,True,1000,/Users/ananyapathak/Desktop/oss/esmc.cpp/results/downstream_cache/300m_10k/q4_k_m_cpu,
ProteinGym,DMS substitutions,YNZC_BACSU_Tsuboyama_2023_2JVD,300m,q4_k_m,cpu,kendall_tau_b,0.4337788152776229,0.4253390403999677,0.008439774877655182,0.01,True,1000,/Users/ananyapathak/Desktop/oss/esmc.cpp/results/downstream_cache/300m_10k/q4_k_m_cpu,
ProteinGym,DMS substitutions,YNZC_BACSU_Tsuboyama_2023_2JVD,300m,q4_k_m,cpu,top10_overlap,0.4,0.37,0.030000000000000027,0.01,False,1000,/Users/ananyapathak/Desktop/oss/esmc.cpp/results/downstream_cache/300m_10k/q4_k_m_cpu,
ProteinGym,DMS substitutions,YNZC_BACSU_Tsuboyama_2023_2JVD,300m,q4_k_m,cpu,bottom10_overlap,0.29,0.28,0.009999999999999953,0.01,True,1000,/Users/ananyapathak/Desktop/oss/esmc.cpp/results/downstream_cache/300m_10k/q4_k_m_cpu,
ProteinGym,DMS substitutions,YNZC_BACSU_Tsuboyama_2023_2JVD,300m,q4_k_s,cpu,spearman,0.6163513917476084,0.6065495298281242,0.00980186191948429,0.01,True,1000,/Users/ananyapathak/Desktop/oss/esmc.cpp/results/downstream_cache/300m_10k/q4_k_s_cpu,
ProteinGym,DMS substitutions,YNZC_BACSU_Tsuboyama_2023_2JVD,300m,q4_k_s,cpu,pearson,0.5155993795401341,0.508504941747338,0.007094437792796171,0.01,True,1000,/Users/ananyapathak/Desktop/oss/esmc.cpp/results/downstream_cache/300m_10k/q4_k_s_cpu,
ProteinGym,DMS substitutions,YNZC_BACSU_Tsuboyama_2023_2JVD,300m,q4_k_s,cpu,kendall_tau_b,0.4338916271971806,0.4253390403999677,0.00855258679721288,0.01,True,1000,/Users/ananyapathak/Desktop/oss/esmc.cpp/results/downstream_cache/300m_10k/q4_k_s_cpu,
ProteinGym,DMS substitutions,YNZC_BACSU_Tsuboyama_2023_2JVD,300m,q4_k_s,cpu,top10_overlap,0.37,0.37,0.0,0.01,True,1000,/Users/ananyapathak/Desktop/oss/esmc.cpp/results/downstream_cache/300m_10k/q4_k_s_cpu,
ProteinGym,DMS substitutions,YNZC_BACSU_Tsuboyama_2023_2JVD,300m,q4_k_s,cpu,bottom10_overlap,0.29,0.28,0.009999999999999953,0.01,True,1000,/Users/ananyapathak/Desktop/oss/esmc.cpp/results/downstream_cache/300m_10k/q4_k_s_cpu,
